{
  "IcoMoonType": "selection",
  "icons": [
    {
      "icon": {
        "paths": [
          "M854 86q34 0 59 25t25 59v512q0 34-25 60t-59 26h-598l-170 170v-768q0-34 25-59t59-25h684z"
        ],
        "attrs": [
          {}
        ],
        "isMulticolor": false,
        "isMulticolor2": false,
        "tags": [
          "chat_bubble"
        ],
        "grid": 24
      },
      "attrs": [
        {}
      ],
      "properties": {
        "order": 1,
        "id": 0,
        "prevSize": 24,
        "name": "chat_bubble"
      },
      "setIdx": 0,
      "setId": 4,
      "iconIdx": 0
    },
    {
      "icon": {
        "paths": [
          "M716.8 793.6v-179.2h-665.6v-204.8h665.6v-179.2l268.8 281.6-268.8 281.6z"
        ],
        "attrs": [],
        "isMulticolor": false,
        "isMulticolor2": false,
        "tags": [
          "arrow-long-right"
        ],
        "grid": 20
      },
      "attrs": [],
      "properties": {
        "id": 24,
        "order": 18,
        "prevSize": 20,
        "name": "arrow-long-right"
      },
      "setIdx": 2,
      "setId": 2,
      "iconIdx": 23
    },
    {
      "icon": {
        "paths": [
          "M512 20.48c-271.462 0-491.52 220.058-491.52 491.52s220.058 491.52 491.52 491.52c271.411 0 491.52-220.058 491.52-491.571 0-271.411-220.109-491.469-491.52-491.469zM512 901.069c-214.886 0-389.12-174.182-389.12-389.12s174.182-389.069 389.12-389.069c214.886 0 389.171 174.182 389.171 389.12s-174.285 389.069-389.171 389.069z"
        ],
        "attrs": [],
        "isMulticolor": false,
        "isMulticolor2": false,
        "tags": [
          "circle"
        ],
        "grid": 20
      },
      "attrs": [],
      "properties": {
        "id": 130,
        "order": 17,
        "prevSize": 20,
        "name": "circle",
        "code": 59648
      },
      "setIdx": 2,
      "setId": 2,
      "iconIdx": 129
    },
    {
      "icon": {
        "paths": [
          "M899.123 124.877c-73.83-73.882-129.28-62.822-129.28-62.822l-656.691 656.64-51.712 243.814 243.866-51.712 656.691-656.538c-0.051 0 11.059-55.45-62.874-129.382zM290.816 881.51l-83.149 17.92c-7.987-15.002-17.664-30.003-35.328-47.718-17.715-17.715-32.717-27.29-47.718-35.379l17.92-83.098 24.064-24.013c0 0 45.21 0.922 96.307 52.019 51.046 50.995 52.019 96.307 52.019 96.307l-24.115 23.962z"
        ],
        "attrs": [],
        "isMulticolor": false,
        "isMulticolor2": false,
        "tags": [
          "edit"
        ],
        "grid": 20
      },
      "attrs": [],
      "properties": {
        "id": 154,
        "order": 16,
        "prevSize": 20,
        "name": "edit",
        "code": 59649
      },
      "setIdx": 2,
      "setId": 2,
      "iconIdx": 153
    },
    {
      "icon": {
        "paths": [
          "M898.304 791.91l-193.485-193.485c29.184-47.872 45.978-104.192 45.978-164.352 0-174.95-151.603-326.502-326.554-326.502-174.95-0.051-316.723 141.773-316.723 316.723 0 174.899 151.603 326.502 326.502 326.502 58.214 0 112.64-15.821 159.488-43.213l194.509 194.611c19.046 18.995 49.92 18.995 68.915 0l48.282-48.282c18.995-18.995 12.083-43.008-6.912-62.003zM205.005 424.294c0-121.139 98.15-219.29 219.238-219.29 121.139 0 229.069 107.878 229.069 229.069 0 121.088-98.202 219.29-219.29 219.29-121.139-0.051-229.018-107.981-229.018-229.069z"
        ],
        "attrs": [],
        "isMulticolor": false,
        "isMulticolor2": false,
        "tags": [
          "magnifying-glass"
        ],
        "grid": 20
      },
      "attrs": [],
      "properties": {
        "id": 218,
        "order": 14,
        "prevSize": 20,
        "name": "magnifying-glass",
        "code": 59650
      },
      "setIdx": 2,
      "setId": 2,
      "iconIdx": 217
    }
  ],
  "height": 1024,
  "preferences": {
    "showGlyphs": true,
    "showQuickUse": true,
    "showQuickUse2": true,
    "showSVGs": true,
    "fontPref": {
      "prefix": "icon",
      "metadata": {
        "fontFamily": "icomoon",
        "majorVersion": 1,
        "minorVersion": 0
      },
      "metrics": {
        "emSize": 1024,
        "baseline": 6.25,
        "whitespace": 50
      },
      "embed": false,
      "showSelector": false,
      "showVersion": true
    },
    "imagePref": {
      "prefix": "icon",
      "png": false,
      "useClassSelector": true,
      "color": 0,
      "bgColor": 16777215,
      "classSelector": ".icon",
      "name": "icomoon",
      "height": 32,
      "columns": 16,
      "margin": 16
    },
    "historySize": 50,
    "showCodes": true,
    "gridSize": 16
  }
}